Item,Item_ID,Category,Subcategory,Brand,Wikidata_ID,Wikidata_Label,Wikidata_Description,Wikidata_URI,Match_Score
100 Places to Go While Still Young at Heart,1.0,Books,Art & Architecture,Elise MacLay,,,,,0
1984,40.0,Books,Literature,George Orwell,Q208460,Nineteen Eighty-Four,1949 dystopian social science fiction novel by George Orwell,https://www.wikidata.org/entity/Q208460,1
3Com 10/100 CardBus,129.0,Electronics,Computers,3Com,,,,,0
3Com 56K Cellular Modem PC Card,127.0,Electronics,Computers,3Com,,,,,0
3Com Networking Kit,130.0,Electronics,Computers,3Com,,,,,0
3Com OfficeConnect 56K LAN Modem,128.0,Electronics,Computers,3Com,,,,,0
3Com Palm IIIx Connected Organizer,137.0,Electronics,Electronics - Miscellaneous,3Com,,,,,0
3Com Palm V Connected Organizer,136.0,Electronics,Electronics - Miscellaneous,3Com,,,,,0
40 Most Wanted Cats,49.0,Books,Books - Miscellaneous,Nancy Drosd,,,,,0
50 Favorite Rooms,7.0,Books,Art & Architecture,Frank Lloyd Wright,,,,,0
500 Best Vacation Home Plans,8.0,Books,Art & Architecture,Inc. Staff Sunset Books,,,,,0
9 Steps to Financial Freedom,264.0,Movies,Special Interests,Suze Orman,,,,,0
98 Degrees & Rising,358.0,Music,Soul / R&B,98 Degrees,Q3284480,98 Degrees and Rising,album by 98 Degrees,https://www.wikidata.org/entity/Q3284480,1
A Boy Named Goo,283.0,Music,Alternative,Goo Goo Dolls,Q2604711,A Boy Named Goo,album by Goo Goo Dolls,https://www.wikidata.org/entity/Q2604711,1
A Bug's Life,242.0,Movies,Kids / Family,Dave Foley,Q216153,A Bug's Life,1998 animated film directed by John Lasseter and Andrew Stanton,https://www.wikidata.org/entity/Q216153,1
AAA Travel Video Series,256.0,Movies,Special Interests,AAA,,,,,0
Adirondack Style,5.0,Books,Art & Architecture,Ann S. O'Leary,,,,,0
"Ageless Body, Timeless Mind",87.0,Books,Sports & Health,Deepak Chopra,Q137804316,"Ageless Body, Timeless Mind",non-fiction work by Deepak Chopra,https://www.wikidata.org/entity/Q137804316,0
Al Green's Greatest Hits,350.0,Music,Soul / R&B,Al Green,Q4703910,Greatest Hits Volume II,1977 compilation album by Al green,https://www.wikidata.org/entity/Q4703910,2
Alice In Chains,280.0,Music,Alternative,Alice In Chains,Q68345325,Alice in Chains' albums in chronological order,Wikimedia albums discography,https://www.wikidata.org/entity/Q68345325,1
Alice in Wonderland,249.0,Movies,Kids / Family,Sterling Holloway,Q1761330,Alice in Wonderland,1976 pornographic musical film directed by Bud Townsend,https://www.wikidata.org/entity/Q1761330,1
All I Want,293.0,Music,Country,"Mcgraw, Tim",Q76467535,All I Want,vocal track by 702; 1996 studio recording,https://www.wikidata.org/entity/Q76467535,1
American Bungalow Style,13.0,Books,Art & Architecture,Robert Milton Winter,,,,,0
And Out Come Wolves,278.0,Music,Alternative,Rancid,,,,,0
Another Night,329.0,Music,Pop,Real Mccoy,Q4770311,Another Night,vocal track by Real McCoy; 1994 studio recording,https://www.wikidata.org/entity/Q4770311,1
Apocalypse Now,194.0,Movies,Action,Marlon Brando,Q182692,Apocalypse Now,1979 film directed by Francis Ford Coppola,https://www.wikidata.org/entity/Q182692,1
Apollo 13,185.0,Movies,Action,Tom Hanks,Q106428,Apollo 13,1995 film by Ron Howard,https://www.wikidata.org/entity/Q106428,1
"Architecture : Form, Space, & Order",6.0,Books,Art & Architecture,Frank D. K. Ching,,,,,0
Aretha Franklin's 30 Greatest Hits,359.0,Music,Soul / R&B,Aretha Franklin,,,,,0
Armageddon,190.0,Movies,Action,Bruce Willis,Q208344,Armageddon,1998 film directed by Michael Bay,https://www.wikidata.org/entity/Q208344,1
Art As Experience,2.0,Books,Art & Architecture,John Dewey,Q2690629,Art as Experience,by John Dewey,https://www.wikidata.org/entity/Q2690629,0
Art of Getting Even,47.0,Books,Books - Miscellaneous,Gary Brodsky,,,,,0
As Good As It Gets,205.0,Movies,Comedy,Jack Nicholson,Q221594,As Good as It Gets,1997 film directed by James L. Brooks,https://www.wikidata.org/entity/Q221594,1
Astro Creep,344.0,Music,Rock,White Zombie,Q779242,"Astro-Creep: 2000 – Songs of Love, Destruction and Other Synthetic Delusions of the Electric Head",1995 studio album by White Zombie,https://www.wikidata.org/entity/Q779242,1
Atlas Shrugged,35.0,Books,Literature,Ayn Rand,Q374098,Atlas Shrugged,1957 novel by Ayn Rand,https://www.wikidata.org/entity/Q374098,1
Attention to Detail,17.0,Books,Business,Clinton T. Greenleaf III,Q26371112,Attention to detail boosts dragline's work,publication (OP) published in 1989,https://www.wikidata.org/entity/Q26371112,1
Austin Powers,208.0,Movies,Comedy,Mike Myers,Q6500001,Austin Powers,film series,https://www.wikidata.org/entity/Q6500001,1
Babe,196.0,Movies,Comedy,James Cromwell,Q80661712,Babe Films,French film production company,https://www.wikidata.org/entity/Q80661712,1
Barney,250.0,Movies,Kids / Family,Barney,Q808475,Barney,male given name,https://www.wikidata.org/entity/Q808475,0
Barry White's All-Time Greatest Hits,351.0,Music,Soul / R&B,Barry White,,,,,0
Basic Pro/Engineer in 20 Lessons,72.0,Books,Science & Technology,Louis Gary Lamit,,,,,0
Beethoven for Babies,313.0,Music,Music - Miscellaneous,Ludwig van Beethoven,,,,,0
Being Digital,66.0,Books,Science & Technology,Negroponte,Q4881294,Being Digital,1995 non-fiction work by Nicholas Negroponte,https://www.wikidata.org/entity/Q4881294,0
Best of Disney Volume 2,303.0,Music,Music - Miscellaneous,Disney,,,,,0
Big Willie Style,349.0,Music,Soul / R&B,Will Smith,Q859525,Big Willie Style,1997 debut solo album by Will Smith,https://www.wikidata.org/entity/Q859525,1
Blade,192.0,Movies,Action,Wesley Snipes,Q30936020,Blade,Japanese animation studio,https://www.wikidata.org/entity/Q30936020,1
Blue & White Living,9.0,Books,Art & Architecture,Stephanie Hoppen,,,,,0
Blue's Clues,251.0,Movies,Kids / Family,Blue,Q115819319,Blue's Big City Adventure,2022 live-action/animated children's musical comedy television film directed by Matt Stawski,https://www.wikidata.org/entity/Q115819319,2
Body for Life,78.0,Books,Sports & Health,Bill Phillips,Q4936905,Body for Life,fitness program created by Bill Phillips,https://www.wikidata.org/entity/Q4936905,0
Brave New World,37.0,Books,Literature,Aldous Huxley,Q191949,Brave New World,1932 novel by Aldous Huxley,https://www.wikidata.org/entity/Q191949,1
Bridge,317.0,Music,Pop,Ace Of Base,Q2925160,Bridge,2008 studio album by Joey Cape,https://www.wikidata.org/entity/Q2925160,1
Bryan White,297.0,Music,Country,"White, Bryan",Q4980466,Bryan White,album by Bryan White,https://www.wikidata.org/entity/Q4980466,1
Building With Stone,14.0,Books,Art & Architecture,Charles McRaven,Q111486593,Building with stone in East Devon and adjacent parts of Dorset and Somerset,article published in the Transactions of the Devonshire Association in 2006,https://www.wikidata.org/entity/Q111486593,0
Cabin Fever : Rustic Style Comes Home,12.0,Books,Art & Architecture,Rachel Carley,,,,,0
Caddyshack,204.0,Movies,Comedy,Chevy Chase,Q311638,Caddyshack,1980 film directed by Harold Ramis,https://www.wikidata.org/entity/Q311638,1
Career Intelligence,21.0,Books,Business,Barbara Moses,Q5038914,Career Intelligence Medal,,https://www.wikidata.org/entity/Q5038914,0
Catch-22,41.0,Books,Literature,Joseph L. Heller,Q278208,Catch-22,novel by the American author Joseph Heller (1961),https://www.wikidata.org/entity/Q278208,1
Charlotte's Web,244.0,Movies,Kids / Family,Henry Gibson,Q37785,Charlotte's Web,1973 American animated film,https://www.wikidata.org/entity/Q37785,1
Christine,236.0,Movies,Horror,Keith Gordon,Q2087646,Christine,female given name,https://www.wikidata.org/entity/Q2087646,0
City Of Angels,212.0,Movies,Drama,Nicolas Cage,Q168010,City of Angels,1998 film directed by Brad Silberling,https://www.wikidata.org/entity/Q168010,1
Classic Rock Guitar,261.0,Movies,Special Interests,Richard Bradley,,,,,0
Collective Soul,337.0,Music,Rock,Collective Soul,Q95833816,Collective Soul's albums in chronological order,Wikimedia albums discography,https://www.wikidata.org/entity/Q95833816,1
Complete Course in Magic,48.0,Books,Books - Miscellaneous,Mark Wilson,,,,,0
Completely Mad,59.0,Books,Books - Miscellaneous,Maria Reidelbach,,,,,0
Cracked Rearview,323.0,Music,Pop,Hootie & Blowfish,,,,,0
Crash,343.0,Music,Rock,Dave Matthews Band,Q109419978,Crash,2022 album by Charli XCX,https://www.wikidata.org/entity/Q109419978,1
Cubicle Warfare,22.0,Books,Business,Blaine L. Pardoe,,,,,0
Dangerous Beauty,213.0,Movies,Drama,Catherine McCormack,Q187999,Dangerous Beauty,1998 film directed by Marshall Herskovitz,https://www.wikidata.org/entity/Q187999,1
Day Job,28.0,Books,Business,Jonathan Baird,Q5242844,Day Job,album by Gord Bamford,https://www.wikidata.org/entity/Q5242844,0
Daydream,327.0,Music,Pop,Mariah Carey,Q115513565,Daydream,Instrumental piece recorded by Orchestre National de Jazz de Montréal,https://www.wikidata.org/entity/Q115513565,1
Design With Pic Microcontrollers,70.0,Books,Science & Technology,Peatman,Q126399910,Design with PIC microcontrollers,scholarly article,https://www.wikidata.org/entity/Q126399910,0
Digital Filters,65.0,Books,Science & Technology,Hamming,Q107613583,Digital Filters,"scientific article by Siqueira and Diniz, 2005",https://www.wikidata.org/entity/Q107613583,0
Don Henley's Greatest Hits,319.0,Music,Pop,Don Henley,,,,,0
Don't Step in the Leadership,19.0,Books,Business,Scott Adams,,,,,0
Don't Sweat the Small Stuff,25.0,Books,Business,Richard Carlson,Q116920753,Don't Sweat the Small Stuff … and It's All Small Stuff,1997 self-help book by Richard Carlson,https://www.wikidata.org/entity/Q116920753,1
Doo Wop Box,309.0,Music,Music - Miscellaneous,Doo Wop Box,,,,,0
Dr. Dolittle,210.0,Movies,Comedy,Eddie Murphy,Q38689704,Dolittle,2020 film directed by Stephen Gaghan,https://www.wikidata.org/entity/Q38689704,1
Dracula,229.0,Movies,Horror,Bela Lugosi,Q116047373,Dracula Film Festival,film festival in Romania,https://www.wikidata.org/entity/Q116047373,1
Embrya,353.0,Music,Soul / R&B,Maxwell,Q5370212,Embrya,album by Maxwell,https://www.wikidata.org/entity/Q5370212,1
Engines of Creation,71.0,Books,Science & Technology,Eric Drexler,Q358487,Engines of Creation,2000 studio album by Joe Satriani,https://www.wikidata.org/entity/Q358487,0
Envisioning Information,69.0,Books,Science & Technology,Edward R. Tufte,Q125475578,Envisioning Information,book by Edward Tufte,https://www.wikidata.org/entity/Q125475578,1
ErgoRev Elite Wireless Keyboard,166.0,Electronics,Video Equipment,Panasonic,,,,,0
Everest,193.0,Movies,Action,Liam Neeson,Q55087665,Abominable,2019 film directed by Jill Culton and Todd Wilderman,https://www.wikidata.org/entity/Q55087665,1
Exotic Sound Effects,304.0,Music,Music - Miscellaneous,Sound Effects,,,,,0
Exploring Antarctica,259.0,Movies,Special Interests,Discovery Staff,Q58322176,Exploring Antarctica - a centennial perspective,,https://www.wikidata.org/entity/Q58322176,0
Facercise,79.0,Books,Sports & Health,Carole Maggio,,,,,0
Ferris Bueller's Day Off,197.0,Movies,Comedy,Matthew Broderick,Q498906,Ferris Bueller's Day Off,1986 film by John Hughes,https://www.wikidata.org/entity/Q498906,1
Fitness for Dummies,86.0,Books,Sports & Health,Suzanne Schlosberg,,,,,0
Foundation Analysis and Design,62.0,Books,Science & Technology,Bowles,Q136298551,Foundation Analysis and Design,textbook authored by Joseph E Bowles,https://www.wikidata.org/entity/Q136298551,1
Four,342.0,Music,Rock,Blues Traveler,Q925222,Four,"commune in Isère, France",https://www.wikidata.org/entity/Q925222,0
Frankenstein,238.0,Movies,Horror,Boris Karloff,Q37235204,Frankenstein,family name,https://www.wikidata.org/entity/Q37235204,0
Fresh Horses,291.0,Music,Country,Garth Brooks,Q5502982,Fresh Horses,1995 album by Garth Brooks,https://www.wikidata.org/entity/Q5502982,1
"GPX 5"" AM/FM Portable TV",151.0,Electronics,TV's,GPX,,,,,0
GPX CD AM/FM Cassette Recorder Karaoke Machine,96.0,Electronics,Audio Equipment,GPX,,,,,0
GPX Portable CD Player with Bass Boost,94.0,Electronics,Audio Equipment,GPX,,,,,0
GPX Portable CD Player with Car Kit,95.0,Electronics,Audio Equipment,GPX,,,,,0
Games Rednecks Play,288.0,Music,Country,"Foxworthy, Jeff",Q5520093,Games Rednecks Play,album by Jeff Foxworthy,https://www.wikidata.org/entity/Q5520093,1
Games for the Superintelligent,55.0,Books,Books - Miscellaneous,James F. Fixx,,,,,0
Ghost Of Tom Joad,334.0,Music,Rock,Springsteen,Q1521905,Ghost of Tom Joad,band,https://www.wikidata.org/entity/Q1521905,0
Godzilla,184.0,Movies,Action,Matthew Broderick,Q5577028,Godzilla movies at a glance,Japanese series of Kaiju films,https://www.wikidata.org/entity/Q5577028,1
Golf My Way Collection,267.0,Movies,Special Interests,Jack Nicklaus,,,,,0
Gone,287.0,Music,Country,Dwight Yoakam,Q105906943,Gone,vocal track by Bodies Without Organs; 2005 studio recording,https://www.wikidata.org/entity/Q105906943,1
Gone With the Wind,221.0,Movies,Drama,Clark Gable,Q2875,Gone with the Wind,1939 film directed by Victor Fleming,https://www.wikidata.org/entity/Q2875,1
"Gonzo, the Art",11.0,Books,Art & Architecture,Ralph Steadman,,,,,0
Good Will Hunting,225.0,Movies,Drama,Robin Williams,Q193835,Good Will Hunting,1997 film by Gus Van Sant,https://www.wikidata.org/entity/Q193835,1
Great Comedians Talk about Comedy,52.0,Books,Books - Miscellaneous,Larry Wilde,,,,,0
Great Expectations,215.0,Movies,Drama,Ethan Hawke,Q1282209,Great Expectations,1946 film by David Lean,https://www.wikidata.org/entity/Q1282209,1
Great Gatsby,39.0,Books,Literature,F. Scott Fitzgerald,Q214371,The Great Gatsby,1925 novel by F. Scott Fitzgerald,https://www.wikidata.org/entity/Q214371,1
Guide to Life,57.0,Books,Books - Miscellaneous,Dave Barry,,,,,0
Handbook of Hydraulics,63.0,Books,Science & Technology,Brater,,,,,0
Harman Kardon AM/FM Stereo Receiver,92.0,Electronics,Audio Equipment,Harman Kardon,,,,,0
Harman Kardon Digital Surround Sound Receiver,91.0,Electronics,Audio Equipment,Harman Kardon,,,,,0
Harman Kardon Dolby Digital Receiver,93.0,Electronics,Audio Equipment,Harman Kardon,,,,,0
Hell Freezes Over,341.0,Music,Rock,The Eagles,Q2735345,Hell Freezes Over,Eagles album,https://www.wikidata.org/entity/Q2735345,1
Hewlett Packard CD-Writer Plus,132.0,Electronics,Computers,Hewlett Packard,,,,,0
Hewlett Packard Color Copier,145.0,Electronics,Electronics - Miscellaneous,Hewlett Packard,,,,,0
Hewlett Packard External Tape Drive,131.0,Electronics,Computers,Hewlett Packard,,,,,0
Hewlett Packard Financial Calculator,148.0,Electronics,Electronics - Miscellaneous,Hewlett Packard,,,,,0
Hewlett Packard Graphic Calculator,147.0,Electronics,Electronics - Miscellaneous,Hewlett Packard,,,,,0
Hewlett Packard Jornada 680 Handheld PC,150.0,Electronics,Electronics - Miscellaneous,Hewlett Packard,,,,,0
Hewlett Packard LaserJet Printer/Copier/Scanner,146.0,Electronics,Electronics - Miscellaneous,Hewlett Packard,,,,,0
Hewlett Packard OfficeJet Printer,149.0,Electronics,Electronics - Miscellaneous,Hewlett Packard,,,,,0
Hirschfeld on Line,4.0,Books,Art & Architecture,Al Hirschfeld,,,,,0
Hitachi DVD Camcorder,107.0,Electronics,Cameras,Hitachi,,,,,0
Hitachi Hi8 Camcorder,106.0,Electronics,Cameras,Hitachi,,,,,0
Home,318.0,Music,Pop,Deep Blue Something,Q67607068,Home,2019 single by Basshunter,https://www.wikidata.org/entity/Q67607068,1
Hope Floats,220.0,Movies,Drama,Sandra Bullock,Q924642,Hope Floats,1998 film by Forest Whitaker,https://www.wikidata.org/entity/Q924642,1
How to Live with a Neurotic Dog,60.0,Books,Books - Miscellaneous,Stephen Baker,,,,,0
How to Play Piano 1,262.0,Movies,Special Interests,Richard Bradley,,,,,0
I Know What You Did Last Summer,235.0,Movies,Horror,Jennifer Love Hewitt,Q130368011,I Know What You Did Last Summer,2025 film directed by Jennifer Kaytin Robinson,https://www.wikidata.org/entity/Q130368011,1
I Love To Polka,307.0,Music,Music - Miscellaneous,Jimmy Sturr,Q5978335,I Love to Polka,album by Jimmy Sturr,https://www.wikidata.org/entity/Q5978335,1
I Think About You,290.0,Music,Country,Collin Raye,Q5979145,I Think About You,album by Collin Raye,https://www.wikidata.org/entity/Q5979145,1
Insomniac,281.0,Music,Alternative,Green Day,Q1869874,insomnia,inability to sleep peacefully,https://www.wikidata.org/entity/Q1869874,1
Interview With the Vampire,240.0,Movies,Horror,Tom Cruise,Q318910,Interview with the Vampire,1994 film by Neil Jordan,https://www.wikidata.org/entity/Q318910,1
It Matters To Me,295.0,Music,Country,Faith Hill,Q3804037,It Matters to Me,album by Faith Hill,https://www.wikidata.org/entity/Q3804037,1
Its A Mystery,340.0,Music,Rock,"Seger, Bob",,,,,0
Jagged Little Pill,276.0,Music,Alternative,"Morissette,Alanis",Q750084,Jagged Little Pill,1995 studio album by Alanis Morissette,https://www.wikidata.org/entity/Q750084,1
Jesus of Nazareth,263.0,Movies,Special Interests,Robert Powell,Q470572,Jesus of Nazareth,"1977 television biopic and religious miniseries directed by Franco Zeffirelli, and 1978 movie film by Franco Zeffirelli",https://www.wikidata.org/entity/Q470572,2
Jobshift,30.0,Books,Business,William Bridges,Q128449201,Jobshift: How to Prosper in a Workplace Without Jobs,scholarly article,https://www.wikidata.org/entity/Q128449201,0
Jump Start Your Brain,26.0,Books,Business,Doug Hall,,,,,0
L.A. Confidential,216.0,Movies,Drama,Kevin Spacey,Q339876,L.A. Confidential,1997 film directed by Curtis Hanson,https://www.wikidata.org/entity/Q339876,1
Lady and the Tramp,247.0,Movies,Kids / Family,Peggy Lee,Q123289855,Lady and the Tramp film series,film series,https://www.wikidata.org/entity/Q123289855,1
Last Glimpse of Summer,211.0,Movies,Drama,Kate Winslet,,,,,0
Le Mans,187.0,Movies,Action,Steve McQueen,Q613290,Le Mans,1971 action film by Lee H. Katzin,https://www.wikidata.org/entity/Q613290,1
Learn! Microsoft Office 2000,260.0,Movies,Special Interests,Microsoft Staff,,,,,0
Let's Play Soccer,266.0,Movies,Special Interests,Espn Instructional,,,,,0
Lethal Weapon 4,186.0,Movies,Action,Mel Gibson,Q429397,Lethal Weapon 4,1998 film directed by Richard Donner,https://www.wikidata.org/entity/Q429397,1
Life,324.0,Music,Pop,Simply Red,Q4384069,Life Album,studio album by Ikimono-gakari,https://www.wikidata.org/entity/Q4384069,1
Live,346.0,Music,Soul / R&B,Erykah Badu,Q209939,live album,"album type recorded at a single concert, or combined recordings made at multiple concerts",https://www.wikidata.org/entity/Q209939,3
Live at the Bridge Vol 2,320.0,Music,Pop,Michael Jackson,,,,,0
Living Yoga,270.0,Movies,Special Interests,Rodney Yee,,,,,0
Lolita,44.0,Books,Literature,Vladimir Vladimirovich,Q3057262,Lolita,female given name,https://www.wikidata.org/entity/Q3057262,0
Lord of the Flies,34.0,Books,Literature,William Gerald Golding,Q271764,Lord of the Flies,1954 novel by William Golding,https://www.wikidata.org/entity/Q271764,1
Lucy,332.0,Music,Rock,Candlebox,Q13365715,Lucy,female given name,https://www.wikidata.org/entity/Q13365715,0
Manhunter,195.0,Movies,Action,William L. Petersen,Q886719,Manhunter,1986 film by Michael Mann,https://www.wikidata.org/entity/Q886719,1
Manufacturing Planning and Control Systems,67.0,Books,Science & Technology,Thomas E. Vollmann,,,,,0
Massage for Health,269.0,Movies,Special Interests,Patricia Dickinson,Q123306470,Massage For Health,1988 film by Johanna Demetrakas,https://www.wikidata.org/entity/Q123306470,1
Mensa Lateral Thinking,58.0,Books,Books - Miscellaneous,Dave Chatten,,,,,0
Microsoft Basic Mouse V1.0,121.0,Electronics,Computers,Microsoft,,,,,0
Microsoft Natural Keyboard Elite V2.0,122.0,Electronics,Computers,Microsoft,,,,,0
Minolta Freedom Zoom Explorer Camera,110.0,Electronics,Cameras,Minolta,,,,,0
Minolta Freedom Zoom Supreme EX Camera,108.0,Electronics,Cameras,Minolta,,,,,0
Minolta Maxxum Camera,109.0,Electronics,Cameras,Minolta,,,,,0
Minolta Vectis Beam Camera,111.0,Electronics,Cameras,Minolta,,,,,0
Modern Recording Techniques,64.0,Books,Science & Technology,David Miles Huber,,,,,0
Morning Glory,277.0,Music,Alternative,Oasis,Q2722230,Morning Glory,"song written and composed by Noel Gallagher, originally recorded by Oasis and released in 1995",https://www.wikidata.org/entity/Q2722230,2
Most of Andy Rooney,56.0,Books,Books - Miscellaneous,Andy Rooney,,,,,0
Mulan,243.0,Movies,Kids / Family,Eddie Murphy,Q537407,Mulan,1998 animated film directed by Barry Cook and Tony Bancroft,https://www.wikidata.org/entity/Q537407,1
My Cousin Vinny,202.0,Movies,Comedy,Joe Pesci,Q838154,My Cousin Vinny,1992 film directed by Jonathan Lynn,https://www.wikidata.org/entity/Q838154,1
My Love Is Your Love,348.0,Music,Soul / R&B,Whitney Houston,Q743125,My Love Is Your Love,1998 studio album by Whitney Houston,https://www.wikidata.org/entity/Q743125,1
Mysteries of the Bible,258.0,Movies,Special Interests,David Barton,Q6948760,Mysteries of the Bible,television series,https://www.wikidata.org/entity/Q6948760,0
Nanotechnology,61.0,Books,Science & Technology,BC Crandall,Q11468,nanotechnology,field of applied science whose theme is the control of matter on atomic and (supra)molecular scale,https://www.wikidata.org/entity/Q11468,0
Never Say Never,360.0,Music,Soul / R&B,Brandy,Q134500669,Never Say Never,2006 studio album by Magnus Bäcklund,https://www.wikidata.org/entity/Q134500669,1
New Beginning,316.0,Music,Pop,Tracy Chapman,Q104589918,New Beginning,song by Milo Meskens,https://www.wikidata.org/entity/Q104589918,1
New Media 16 MB Compact Flash,123.0,Electronics,Computers,New Media,,,,,0
New Media 32 MB Compact Flash,125.0,Electronics,Computers,New Media,,,,,0
New Media 32 MB Smart Media,126.0,Electronics,Computers,New Media,,,,,0
New Media 64 MB Compact Flash,124.0,Electronics,Computers,New Media,,,,,0
Nightmare on Elm Street,237.0,Movies,Horror,Heather Langenkamp,Q329434,A Nightmare on Elm Street,1984 film directed by Wes Craven,https://www.wikidata.org/entity/Q329434,1
Nobody Else,322.0,Music,Pop,Take That,Q1788368,Nobody Else,album by Take That,https://www.wikidata.org/entity/Q1788368,1
Now That I've Found You,292.0,Music,Country,Alison Krauss,Q7065826,Now That I've Found You: A Collection,compilation album,https://www.wikidata.org/entity/Q7065826,2
Nutrition 101,76.0,Books,Sports & Health,Miriam E. Nelson,Q81354920,Nutrition 101: physicians can no longer ignore the healing power of diet and nutritional supplements,scientific article published on 01 June 2008,https://www.wikidata.org/entity/Q81354920,0
Olympus LT Zoom Compact Camera,112.0,Electronics,Cameras,Olympus,,,,,0
Olympus Stylus Zoom Compact Camera,113.0,Electronics,Cameras,Olympus,,,,,0
Olympus Zoom Ultra Compact Camera,114.0,Electronics,Cameras,Olympus,,,,,0
One Hot Minute,279.0,Music,Alternative,Red Hot Chili Peppers,Q117225,One Hot Minute,1995 studio album by Red Hot Chili Peppers,https://www.wikidata.org/entity/Q117225,2
Original Musiquarium,356.0,Music,Soul / R&B,Stevie Wonder,Q3973457,Stevie Wonder's Original Musiquarium I,1982 double compilation album by Stevie Wonder,https://www.wikidata.org/entity/Q3973457,2
Ozzmosis,338.0,Music,Rock,Ozzy Osbourne,Q253860,Ozzmosis,1995 studio album by Ozzy Osbourne,https://www.wikidata.org/entity/Q253860,1
PNY 128MB Memory Card,135.0,Electronics,Computers,PNY,,,,,0
PNY 32 MB Memory Card,133.0,Electronics,Computers,PNY,,,,,0
PNY 64 MB Memory Card,134.0,Electronics,Computers,PNY,,,,,0
Pain Free,77.0,Books,Sports & Health,Pete Egoscue,Q66072655,Pain Free Laceration Repairs Using Intra-nasal Ketamine,clinical trial,https://www.wikidata.org/entity/Q66072655,0
Panasonic 4-Head Hi-Fi VCR,167.0,Electronics,Video Equipment,Panasonic,,,,,0
Panasonic Compact Plain Paper Fax,138.0,Electronics,Electronics - Miscellaneous,Panasonic,,,,,0
Panasonic Digital Palmcorder Camcorder,115.0,Electronics,Cameras,Panasonic,,,,,0
Panasonic Fax Machine,139.0,Electronics,Electronics - Miscellaneous,Panasonic,,,,,0
Panasonic Hi-Fi Stereo VCR,170.0,Electronics,Video Equipment,Panasonic,,,,,0
Panasonic Home Theater Stereo VCR,168.0,Electronics,Video Equipment,Panasonic,,,,,0
Panasonic Multiformat DVD Player,169.0,Electronics,Video Equipment,Panasonic,,,,,0
Panasonic Portable CD Player,97.0,Electronics,Audio Equipment,Panasonic,,,,,0
Pet Music,310.0,Music,Music - Miscellaneous,Instrumental,,,,,0
Pilates: The Way Forward,81.0,Books,Sports & Health,Lynne Robinson,,,,,0
Pioneer 25-Disc Changer with Remote Control,98.0,Electronics,Audio Equipment,Pioneer,,,,,0
"Pioneer CD Recordable, Digital Synchro Recording",99.0,Electronics,Audio Equipment,Pioneer,,,,,0
Pioneer Dolby Pro Logic Receiver,100.0,Electronics,Audio Equipment,Pioneer,,,,,0
Pres Of The Unites States,284.0,Music,Alternative,Pres Of United States,,,,,0
Pretty Woman,207.0,Movies,Comedy,Julia Roberts,Q207954,Pretty Woman,1990 film directed by Garry Marshall,https://www.wikidata.org/entity/Q207954,1
Psycho,226.0,Movies,Horror,Anthony Perkins,Q7256364,Psychological Medicine,academic journal,https://www.wikidata.org/entity/Q7256364,0
Pulp Fiction,222.0,Movies,Drama,John Travolta,Q104123,Pulp Fiction,1994 film by Quentin Tarantino,https://www.wikidata.org/entity/Q104123,1
"RCA 13"" TV",157.0,Electronics,TV's,RCA,,,,,0
"RCA 13"" TV/VCR",156.0,Electronics,TV's,RCA,,,,,0
"RCA 2"" Diagonal LCD Color TV",159.0,Electronics,TV's,RCA,,,,,0
"RCA 27"" Stereo TV",155.0,Electronics,TV's,RCA,,,,,0
"RCA 32"" Stereo TV",152.0,Electronics,TV's,RCA,,,,,0
"RCA 4"" LCD Color TV",158.0,Electronics,TV's,RCA,,,,,0
RCA CD Changer,101.0,Electronics,Audio Equipment,RCA,,,,,0
RCA Indoor TV Antenna,153.0,Electronics,TV's,RCA,,,,,0
RCA Power TV Antenna,154.0,Electronics,TV's,RCA,,,,,0
Rehabilitation of Patients w/ Respiratory Disease,85.0,Books,Sports & Health,Neils Cherniak,,,,,0
Relish,285.0,Music,Alternative,"Osborne, Joan",Q1110306,Relish,1995 studio album by Joan Osborne,https://www.wikidata.org/entity/Q1110306,1
Rescuing Prometheus,75.0,Books,Science & Technology,Thomas P. Hughes,Q7315043,Rescuing Prometheus,1998 book by Thomas P. Hughes,https://www.wikidata.org/entity/Q7315043,1
Revenge,312.0,Music,Music - Miscellaneous,Bill Cosby,Q125920058,Revenge,2020 studio album by Warkings,https://www.wikidata.org/entity/Q125920058,1
Reversing Diabetes,89.0,Books,Sports & Health,Julian M. Whitaker,Q53643063,Reversing diabetes and obesity naturally: a NEWSTART lifestyle program,scientific article,https://www.wikidata.org/entity/Q53643063,0
Road Tested,336.0,Music,Rock,Bonnie Raitt,Q2701604,Road Tested,1995 live album by Bonnie Raitt,https://www.wikidata.org/entity/Q2701604,1
Roark's Formulas for Stress and Strain,68.0,Books,Science & Technology,Young,Q7339898,Roark's Formulas for Stress and Strain,,https://www.wikidata.org/entity/Q7339898,0
Rosemary's Baby,239.0,Movies,Horror,Mia Farrow,Q607179,Rosemary's Baby,1968 film directed by Roman Polanski,https://www.wikidata.org/entity/Q607179,1
Running With Scissors,302.0,Music,Music - Miscellaneous,Weird Al Yankovic,Q2441748,Running with Scissors,"1999 studio album by ""Weird Al"" Yankovic",https://www.wikidata.org/entity/Q2441748,1
Schindler's List,219.0,Movies,Drama,Liam Neeson,Q483941,Schindler's List,1993 film directed by Steven Spielberg,https://www.wikidata.org/entity/Q483941,1
Schubert Volume 1,301.0,Music,Music - Miscellaneous,Classic,,,,,0
Sciatica Relief Handbook,82.0,Books,Sports & Health,Chet Cunningham,,,,,0
Scream,227.0,Movies,Horror,Drew Barrymore,Q27411,Scream,1996 film directed by Wes Craven,https://www.wikidata.org/entity/Q27411,1
Scream 2,230.0,Movies,Horror,David Arquette,Q270599,Scream 2,1997 film directed by Wes Craven,https://www.wikidata.org/entity/Q270599,1
Seal (94),274.0,Music,Alternative,Seal,,,,,0
Self-Management and Efficiency,90.0,Books,Business,Stephen Sacks,,,,,0
Sense and Sensibility,214.0,Movies,Drama,Emma Thompson,Q643263,Sense and Sensibility,1995 film directed by Ang Lee,https://www.wikidata.org/entity/Q643263,1
Sesame Street,255.0,Movies,Kids / Family,Muppets,Q155629,Sesame Street,"American children's television program, sometimes to teach ESL.",https://www.wikidata.org/entity/Q155629,0
"Sharp 13"" 2-Head TV/VCR",162.0,Electronics,TV's,Sharp,,,,,0
"Sharp 25"" Stereo Color TV",161.0,Electronics,TV's,Sharp,,,,,0
"Sharp 25"" TV/VCR Combo",160.0,Electronics,TV's,Sharp,,,,,0
"Sharp 32"" Color TV",163.0,Electronics,TV's,Sharp,,,,,0
Sharp Copier Toner,141.0,Electronics,Electronics - Miscellaneous,Sharp,,,,,0
Sharp DVD Player,177.0,Electronics,Video Equipment,Sharp,,,,,0
Sharp DVD/CD Player,178.0,Electronics,Video Equipment,Sharp,,,,,0
Sharp Hi-Fi Stereo Viewcam Camcorder,116.0,Electronics,Cameras,Sharp,,,,,0
Sharp Hi8 Viewcam Camcorder,117.0,Electronics,Cameras,Sharp,,,,,0
Sharp Internet Viewcam,118.0,Electronics,Cameras,Sharp,,,,,0
Sharp Mobilon TriPad Handheld PC,140.0,Electronics,Electronics - Miscellaneous,Sharp,,,,,0
Sharp VCR,179.0,Electronics,Video Equipment,Sharp,,,,,0
Sharp VCR+,180.0,Electronics,Video Equipment,Sharp,,,,,0
Simply The Best,357.0,Music,Soul / R&B,Tina Turner,Q1768671,Simply the Best,1991 compilation album by Tina Turner,https://www.wikidata.org/entity/Q1768671,2
Sixteen Stone,271.0,Music,Alternative,Bush,Q1931436,Sixteen Stone,1994 album by Bush,https://www.wikidata.org/entity/Q1931436,1
Sleepytime Songs,311.0,Music,Music - Miscellaneous,Barney,,,,,0
Small Soldiers,181.0,Movies,Action,Kirsten Dunst,Q1332263,Small Soldiers,1998 film directed by Joe Dante,https://www.wikidata.org/entity/Q1332263,1
Smart Choices,27.0,Books,Business,John S. Hammond,Q48504406,Smart choices for healthy families: a pilot study for the treatment of childhood obesity in low-income families,scientific article published on 3 January 2012,https://www.wikidata.org/entity/Q48504406,0
Something To Remember,328.0,Music,Pop,Madonna,Q180650,Something to Remember,1995 compilation album by Madonna,https://www.wikidata.org/entity/Q180650,2
Sony 100-Watt Receiver,105.0,Electronics,Audio Equipment,Sony,,,,,0
"Sony 32"" Trinitron Television",164.0,Electronics,TV's,Sony,,,,,0
"Sony 35"" Trinitron Television",165.0,Electronics,TV's,Sony,,,,,0
Sony Boombox with Digital Tuner,103.0,Electronics,Audio Equipment,Sony,,,,,0
Sony DVD Player w/Remote,173.0,Electronics,Video Equipment,Sony,,,,,0
Sony DVD/CD Player,172.0,Electronics,Video Equipment,Sony,,,,,0
Sony DVD/CD/Video Player,174.0,Electronics,Video Equipment,Sony,,,,,0
Sony Digital MiniDisc,104.0,Electronics,Audio Equipment,Sony,,,,,0
Sony Discman,102.0,Electronics,Audio Equipment,Sony,,,,,0
Sony Handycam Digital Recorder,119.0,Electronics,Cameras,Sony,,,,,0
Sony Handycam Video Camera,120.0,Electronics,Cameras,Sony,,,,,0
Sony Transportable DVD Player,175.0,Electronics,Video Equipment,Sony,,,,,0
Sony VCR,176.0,Electronics,Video Equipment,Sony,,,,,0
Soul Of A Woman,352.0,Music,Soul / R&B,Kelly Price,Q60740616,Soul of a Woman,album by Sharon Jones & The Dap-Kings,https://www.wikidata.org/entity/Q60740616,1
Souvenirs,300.0,Music,Country,Vince,Q16320865,Souvenirs,original song written and composed by Cy Coben; originally recorded by Barbara Evans,https://www.wikidata.org/entity/Q16320865,2
Starting Over,296.0,Music,Country,"Mcentire, Reba",Q102434704,Starting Over,2020 studio album by Chris Stapleton,https://www.wikidata.org/entity/Q102434704,1
Step Into Ballet,265.0,Movies,Special Interests,Wayne Sleep,,,,,0
Strait Out Of The Box,289.0,Music,Country,George Strait,Q7621141,Strait Out of the Box,1995 box set by George Strait,https://www.wikidata.org/entity/Q7621141,0
Stretch Book,80.0,Books,Sports & Health,Jim Wharton,,,,,0
Stripped,335.0,Music,Rock,Rolling Stones,Q949181,Stripped,1986 single by Depeche Mode,https://www.wikidata.org/entity/Q949181,2
Strong Enough,286.0,Music,Country,Blackhawk,Q954780,Strong Enough,"song written and composed by Mark Taylor and Paul Barry, originally recorded by Cher and released in 1999",https://www.wikidata.org/entity/Q954780,2
Stunt,345.0,Music,Rock,Barenaked Ladies,Q1524751,Albán,Colombian municipality of the department of Nariño,https://www.wikidata.org/entity/Q1524751,1
Supernatural,339.0,Music,Rock,Santana,Q12004048,Supernatural,1993 studio album by Gunnar Andreas Berg,https://www.wikidata.org/entity/Q12004048,1
Swingers,209.0,Movies,Comedy,Vince Vaughn,Q2062140,Swingers,1996 film by Doug Liman,https://www.wikidata.org/entity/Q2062140,1
Synkronized,347.0,Music,Soul / R&B,Jamiroquai,Q933267,Synkronized,1999 studio album by Jamiroquai,https://www.wikidata.org/entity/Q933267,1
Tae-Bo Workout,268.0,Movies,Special Interests,Billy Blanks,,,,,0
Tails,273.0,Music,Alternative,"Loeb, Lisa",Q2801412,Tails,Linux distribution for anonymity and privacy,https://www.wikidata.org/entity/Q2801412,0
Take My Hand,315.0,Music,Music - Miscellaneous,Winnie The Pooh,Q16612076,Take My Hand,2008 single by Simple Plan,https://www.wikidata.org/entity/Q16612076,1
Test Your Baseball IQ,46.0,Books,Books - Miscellaneous,Dean Mathewson,,,,,0
Test Your History I.Q.,51.0,Books,Books - Miscellaneous,Thomas Carlyle,,,,,0
Test Your Own IQ Again,54.0,Books,Books - Miscellaneous,Norman Sullivan,,,,,0
The 48 Laws of Power,18.0,Books,Business,Joost Elffers,Q126124243,The 48 Laws of Power,2000 Penguin Books paperback edition,https://www.wikidata.org/entity/Q126124243,1
The African Queen,189.0,Movies,Action,Humphrey Bogart,Q384397,The African Queen,1951 film by John Huston,https://www.wikidata.org/entity/Q384397,1
The Avengers,191.0,Movies,Action,Patrick MacNee,Q182218,The Avengers,2012 film directed by Joss Whedon,https://www.wikidata.org/entity/Q182218,1
The Beatles Anthology,326.0,Music,Pop,The Beatles,Q1753618,Anthology 1,1995 compilation album by The Beatles,https://www.wikidata.org/entity/Q1753618,2
The Boy Is Mine,355.0,Music,Soul / R&B,Monica,Q1088774,The Boy Is Mine,song performed by Brandy & Monica,https://www.wikidata.org/entity/Q1088774,1
The Catcher in the Rye,36.0,Books,Literature,J. D. Salinger,Q183883,The Catcher in the Rye,1951 novel by J. D. Salinger,https://www.wikidata.org/entity/Q183883,1
The Complete Prose of Woody Allen,53.0,Books,Books - Miscellaneous,Woody Allen,Q5793831,The Complete Prose,short story collection by Woody Allen,https://www.wikidata.org/entity/Q5793831,0
The Doors,331.0,Music,Rock,AC/DC,Q66619461,The Doors albums discography,Wikimedia albums discography,https://www.wikidata.org/entity/Q66619461,1
The Evolution of Useful Things,73.0,Books,Science & Technology,Henry Petroski,Q132751144,The Evolution of Useful Things,journal article from 'Technology and Culture' published in 1994,https://www.wikidata.org/entity/Q132751144,0
The Exorcist,234.0,Movies,Horror,Ellen Burstyn,Q274167,The Exorcist,1973 film directed by William Friedkin,https://www.wikidata.org/entity/Q274167,1
The Fountainhead,32.0,Books,Literature,Ayn Rand,Q612688,The Fountainhead,novel by Ayn Rand,https://www.wikidata.org/entity/Q612688,1
The Four Seasons,308.0,Music,Music - Miscellaneous,Antonio Vivaldi,Q1395699,The Four Seasons,set of four paintings by Giuseppe Arcimboldo,https://www.wikidata.org/entity/Q1395699,1
The Full Monty,200.0,Movies,Comedy,Robert Carlyle,Q775970,The Full Monty,1997 film directed by Peter Cattaneo,https://www.wikidata.org/entity/Q775970,1
The Gospel Box,314.0,Music,Music - Miscellaneous,Various Artists,,,,,0
The Horse Whisperer,218.0,Movies,Drama,Robert Redford,Q1127424,The Horse Whisperer,1998 film by Robert Redford,https://www.wikidata.org/entity/Q1127424,1
The Hustler,224.0,Movies,Drama,Paul Newman,Q1130084,The Hustler,1961 film by Robert Rossen,https://www.wikidata.org/entity/Q1130084,1
The Infinite Sadness,275.0,Music,Alternative,Smashing Pumpkins,,,,,0
The Joy of Work,29.0,Books,Business,Scott Adams,Q7743722,The Joy of Work,book by Scott Adams,https://www.wikidata.org/entity/Q7743722,1
The Jungle Book,248.0,Movies,Kids / Family,Sebastian Cabot,Q16857406,The Jungle Book,2016 film directed by Jon Favreau,https://www.wikidata.org/entity/Q16857406,1
The Lion King,246.0,Movies,Kids / Family,Matthew Broderick,Q106476107,The Lion King film score,"film score composed by Elton John and Hans Zimmer, lyrics by Tim Rice; from Disney's 1994 animated feature film ""The Lion King",https://www.wikidata.org/entity/Q106476107,1
The Little Mermaid,245.0,Movies,Kids / Family,Jodi Benson,Q190135,The Little Mermaid,1989 animated film directed by John Musker and Ron Clements,https://www.wikidata.org/entity/Q190135,1
The Lost Boys,228.0,Movies,Horror,Jason Patric,Q506403,The Lost Boys,"1987 film by Joel Schumacher, Richard Donner",https://www.wikidata.org/entity/Q506403,1
The Mask of Zorro,182.0,Movies,Action,Antonio Banderas,Q309621,The Mask of Zorro,1998 film directed by Martin Campbell,https://www.wikidata.org/entity/Q309621,1
The Memory Of Trees,306.0,Music,Music - Miscellaneous,Enya,Q1088657,The Memory of Trees,1995 studio album by Irish musician Enya,https://www.wikidata.org/entity/Q1088657,1
The Muppet Movie,253.0,Movies,Kids / Family,Edgar Bergen,Q1518589,The Muppet Movie,1979 film directed by James Frawley,https://www.wikidata.org/entity/Q1518589,1
The New Fit or Fat,83.0,Books,Sports & Health,Covert Bailey,,,,,0
The Object Of My Affection,199.0,Movies,Comedy,Jennifer Aniston,Q1545178,The Object of My Affection,1998 film by Nicholas Hytner,https://www.wikidata.org/entity/Q1545178,1
The Old Man and the Sea,33.0,Books,Literature,Ernest Hemingway,Q26505,The Old Man and the Sea,"1952 short novel by Ernest Hemingway, written between December 1950 and February 1951",https://www.wikidata.org/entity/Q26505,1
The Omen,231.0,Movies,Horror,Gregory Peck,Q836298,The Omen,1976 film directed by Richard Donner,https://www.wikidata.org/entity/Q836298,1
The Opera Album,305.0,Music,Music - Miscellaneous,Giuseppe Verdi,,,,,0
The Painted Word,3.0,Books,Art & Architecture,Tom Wolfe,Q7755908,The Painted Word,book by Tom Wolfe,https://www.wikidata.org/entity/Q7755908,1
The Parent Trap,252.0,Movies,Kids / Family,Dennis Quaid,Q1217234,The Parent Trap,1961 film by David Swift,https://www.wikidata.org/entity/Q1217234,1
The Picture of Dorian Gray,232.0,Movies,Horror,Hurd Hatfield,Q1167302,The Picture of Dorian Gray,1976 television film,https://www.wikidata.org/entity/Q1167302,2
The Power to Get in,24.0,Books,Business,Michael A. Boylan,,,,,0
The Prince,31.0,Books,Literature,Niccolo Machiavelli,Q152245,Prince Albert of Saxe-Coburg and Gotha,Consort of Queen Victoria from 1840 to 1861 (1819–1861),https://www.wikidata.org/entity/Q152245,0
The Princess Bride,198.0,Movies,Comedy,Cary Elwes,Q506418,The Princess Bride,1987 film directed by Rob Reiner,https://www.wikidata.org/entity/Q506418,1
The Rugrats Movie,241.0,Movies,Kids / Family,Clamshell,Q857211,The Rugrats Movie,1998 American film directed by Igor Kovalyov and Norton Virgien,https://www.wikidata.org/entity/Q857211,1
The Rules for Cats,50.0,Books,Books - Miscellaneous,Susan Waggoner,,,,,0
The Scarlet Pimpernel,188.0,Movies,Action,Anthony Andrews,Q3224830,The Scarlet Pimpernel,1934 film by Harold Young,https://www.wikidata.org/entity/Q3224830,1
The Secrets of Happiness,257.0,Movies,Special Interests,Christy Lane,,,,,0
The Shining,233.0,Movies,Horror,Jack Nicholson,Q186341,The Shining,1980 film directed by Stanley Kubrick,https://www.wikidata.org/entity/Q186341,1
The Thin Red Line,42.0,Books,Literature,James Jones,Q4348077,The Thin Red Line,novel by James Jones,https://www.wikidata.org/entity/Q4348077,1
The Truman Show,206.0,Movies,Comedy,Jim Carrey,Q214801,The Truman Show,1998 film directed by Peter Weir,https://www.wikidata.org/entity/Q214801,1
The Velvet Rope,354.0,Music,Soul / R&B,Janet Jackson,Q777308,The Velvet Rope,1997 studio album by Janet Jackson,https://www.wikidata.org/entity/Q777308,1
The Wedding Singer,201.0,Movies,Comedy,Adam Sandler,Q1133316,The Wedding Singer,1998 film by Frank Coraci,https://www.wikidata.org/entity/Q1133316,1
The Weight of Water,38.0,Books,Literature,Anita Shreve,Q17109200,The Weight of Water,1997 novel by Anita Shreve,https://www.wikidata.org/entity/Q17109200,1
The Wisdom of Teams,23.0,Books,Business,Jon R. Katzenbach,,,,,0
The Woman In Me,299.0,Music,Country,"Twain, Shania",Q7775536,The Woman in Me,1982 Donna Summer single/song,https://www.wikidata.org/entity/Q7775536,2
The Year Without a Santa Claus,254.0,Movies,Kids / Family,Mickey Rooney,Q1254492,The Year Without a Santa Claus,2006 television film,https://www.wikidata.org/entity/Q1254492,2
Thriller,330.0,Music,Pop,Tlc,Q44320,Thriller,1982 studio album by Michael Jackson,https://www.wikidata.org/entity/Q44320,1
Throwing Copper,272.0,Music,Alternative,Live,Q2315935,Throwing Copper,1994 album by Live,https://www.wikidata.org/entity/Q2315935,1
Tigerlily,282.0,Music,Alternative,"Merchant, Natalie",Q2019052,Tigerlily,1995 album by Natalie Merchant,https://www.wikidata.org/entity/Q2019052,1
Time Marches On,298.0,Music,Country,"Lawrence, Tracy",Q7805047,Time Marches On,album by Tracy Lawrence,https://www.wikidata.org/entity/Q7805047,1
Titanic,217.0,Movies,Drama,Leonardo Di Caprio,Q44578,Titanic,1997 film by James Cameron,https://www.wikidata.org/entity/Q44578,1
To Engineer Is Human,74.0,Books,Science & Technology,Henry Petroski,Q126236453,"To engineer is human, H. Petrovski, Macmillan. 1985 (UK). (Previously published by St. Martin's Press. New York 1982). Number of pages: 247. Price: £12.95",scholarly article,https://www.wikidata.org/entity/Q126236453,0
To Kill a Mockingbird,45.0,Books,Literature,Harper Lee,Q212340,To Kill a Mockingbird,novel by Harper Lee,https://www.wikidata.org/entity/Q212340,1
Tool Box,294.0,Music,Country,Aaron Tippin,Q7824042,Tool Box,1995 studio album by Aaron Tippin,https://www.wikidata.org/entity/Q7824042,1
Topgrading,20.0,Books,Business,Bradford D. Smart,Q25304186,Topgrading,Corporate hiring and interviewing methodology,https://www.wikidata.org/entity/Q25304186,0
Ulysses,43.0,Books,Literature,James Joyce,Q6511,Ulysses,1922 novel by James Joyce,https://www.wikidata.org/entity/Q6511,1
Vanishing Point,183.0,Movies,Action,Barry Newman,Q586880,Vanishing Point,1971 film by Richard C. Sarafian,https://www.wikidata.org/entity/Q586880,1
Voyaging Under Power,15.0,Books,Art & Architecture,Robert P. Beebe,,,,,0
Waiting to Exhale: The Soundtrack,325.0,Music,Pop,Waiting To Exhale,,,,,0
Wall Street,223.0,Movies,Drama,Michael Douglas,Q332348,Wall Street,1987 film directed by Oliver Stone,https://www.wikidata.org/entity/Q332348,1
Ways of Seeing,10.0,Books,Art & Architecture,John Berge,Q14479917,Ways of Seeing,book by John Berger,https://www.wikidata.org/entity/Q14479917,1
Whaler,321.0,Music,Pop,Sophie B. Hawkins,Q7990533,Whaler,album by Sophie B. Hawkins,https://www.wikidata.org/entity/Q7990533,1
When Food Is Love,84.0,Books,Sports & Health,Geneen Roth,,,,,0
Why Weight?,88.0,Books,Sports & Health,Geneen Roth,Q80159556,Why weight?,scientific article published on 13 March 2007,https://www.wikidata.org/entity/Q80159556,0
Working With Emotional Intelligence,16.0,Books,Business,Daniel Goleman,Q137916259,Working With Emotional Intelligence,ebook edition,https://www.wikidata.org/entity/Q137916259,1
Xerox Workcentre 385,142.0,Electronics,Electronics - Miscellaneous,Xerox,,,,,0
Xerox XD / XL Series Toner Cartridge,143.0,Electronics,Electronics - Miscellaneous,Xerox,,,,,0
Xerox XE Series Toner Cartridge,144.0,Electronics,Electronics - Miscellaneous,Xerox,,,,,0
You've Got Mail,203.0,Movies,Comedy,Tom Hanks,Q284229,You've Got Mail,1998 film by Nora Ephron,https://www.wikidata.org/entity/Q284229,1
Your Little Secret,333.0,Music,Rock,Melissa Etheridge,Q8058841,Your Little Secret,1995 studio album by Melissa Etheridge,https://www.wikidata.org/entity/Q8058841,1
